{"count": 7, "crowdcar": "0.00", "crowdppl": "0.24", "xmin": -0.6356196148053755, "xplus": 1.0, "ymin": -0.5054352700284649, "yplus": 0.5876007348737587}